-- phpMyAdmin SQL Dump
-- version 5.0.4
-- https://www.phpmyadmin.net/
--
-- Host: 127.0.0.1
-- Generation Time: Jun 21, 2022 at 09:43 AM
-- Server version: 10.4.17-MariaDB
-- PHP Version: 7.4.13

SET SQL_MODE = "NO_AUTO_VALUE_ON_ZERO";
START TRANSACTION;
SET time_zone = "+00:00";


/*!40101 SET @OLD_CHARACTER_SET_CLIENT=@@CHARACTER_SET_CLIENT */;
/*!40101 SET @OLD_CHARACTER_SET_RESULTS=@@CHARACTER_SET_RESULTS */;
/*!40101 SET @OLD_COLLATION_CONNECTION=@@COLLATION_CONNECTION */;
/*!40101 SET NAMES utf8mb4 */;

--
-- Database: `aplikasi_cuti`
--

-- --------------------------------------------------------

--
-- Table structure for table `cuti`
--

CREATE TABLE `cuti` (
  `id_cuti` varchar(30) NOT NULL,
  `id_user` varchar(256) NOT NULL,
  `alasan` text NOT NULL,
  `tgl_diajukan` date NOT NULL,
  `mulai` date NOT NULL,
  `berakhir` date NOT NULL,
  `id_status_cuti` int(12) NOT NULL,
  `perihal_cuti` varchar(100) NOT NULL
) ENGINE=InnoDB DEFAULT CHARSET=utf8mb4;

--
-- Dumping data for table `cuti`
--

INSERT INTO `cuti` (`id_cuti`, `id_user`, `alasan`, `tgl_diajukan`, `mulai`, `berakhir`, `id_status_cuti`, `perihal_cuti`) VALUES
('cuti-714f0', '592d06bdc0ee778dab4e01d55ba8b14c', 'Karena ibu saya sakit', '2022-06-15', '2022-06-12', '2022-06-30', 1, 'Cuti Libur'),
('cuti-99215', 'ebeeaf891bcf293ec607f50475648ddc', 'menemani ibu saya yang sakit, sekarang beliau masih berada dirumah sakit dan butuh saya temani selama seminggu.', '2022-06-06', '2022-06-06', '2022-06-15', 2, 'berobat'),
('cuti-ede81', 'dce802a5e29e9ccabc144dfb6a37abbb', 'Liburan ke lampung', '2022-06-21', '2022-06-21', '2022-06-21', 2, 'Cuti Libur');

-- --------------------------------------------------------

--
-- Table structure for table `jenis_kelamin`
--

CREATE TABLE `jenis_kelamin` (
  `id_jenis_kelamin` int(11) NOT NULL,
  `jenis_kelamin` varchar(20) NOT NULL
) ENGINE=InnoDB DEFAULT CHARSET=utf8mb4;

--
-- Dumping data for table `jenis_kelamin`
--

INSERT INTO `jenis_kelamin` (`id_jenis_kelamin`, `jenis_kelamin`) VALUES
(1, 'Laki-Laki'),
(2, 'Perempuan');

-- --------------------------------------------------------

--
-- Table structure for table `status_cuti`
--

CREATE TABLE `status_cuti` (
  `id_status_cuti` int(11) NOT NULL,
  `status_cuti` varchar(50) NOT NULL
) ENGINE=InnoDB DEFAULT CHARSET=utf8mb4;

--
-- Dumping data for table `status_cuti`
--

INSERT INTO `status_cuti` (`id_status_cuti`, `status_cuti`) VALUES
(1, 'Menunggu Konfirmasi'),
(2, 'Izin Cuti Diterima'),
(3, 'Izin Cuti Ditolak');

-- --------------------------------------------------------

--
-- Table structure for table `user`
--

CREATE TABLE `user` (
  `id_user` varchar(256) NOT NULL,
  `username` varchar(30) NOT NULL,
  `password` varchar(30) NOT NULL,
  `email` varchar(30) NOT NULL,
  `id_user_level` int(11) NOT NULL,
  `id_user_detail` varchar(256) NOT NULL
) ENGINE=InnoDB DEFAULT CHARSET=utf8mb4;

--
-- Dumping data for table `user`
--

INSERT INTO `user` (`id_user`, `username`, `password`, `email`, `id_user_level`, `id_user_detail`) VALUES
('134e349e4f50a051d8ca3687d6a7de1a', 'admin_utama', 'admin_utama', 'admin_utama@gmail.com', 2, '134e349e4f50a051d8ca3687d6a7de1a'),
('98eb4077470a60a0fe0f7b9d01755557', 'admin', 'admin123', 'ika@gmail.com', 2, '98eb4077470a60a0fe0f7b9d01755557'),
('c551fc8847d29dc25a23db5d2cdb941b', 'rian', '123', 'rian@gmail.com', 1, 'c551fc8847d29dc25a23db5d2cdb941b'),
('dce802a5e29e9ccabc144dfb6a37abbb', 'ika', 'ika123', 'ika@gmail.com', 1, 'dce802a5e29e9ccabc144dfb6a37abbb'),
('f5972fbf4ef53843c1e12c3ae99e5005', 'super_admin', 'super_admin', 'kresna123@gmail.com', 3, 'f5972fbf4ef53843c1e12c3ae99e5005');

-- --------------------------------------------------------

--
-- Table structure for table `user_detail`
--

CREATE TABLE `user_detail` (
  `id_user_detail` varchar(256) NOT NULL,
  `nama_lengkap` varchar(30) DEFAULT NULL,
  `id_jenis_kelamin` int(12) DEFAULT NULL,
  `no_telp` varchar(30) DEFAULT NULL,
  `alamat` text DEFAULT NULL,
  `nip` varchar(50) DEFAULT NULL,
  `pangkat` varchar(50) DEFAULT NULL,
  `jabatan` varchar(50) DEFAULT NULL
) ENGINE=InnoDB DEFAULT CHARSET=utf8mb4;

--
-- Dumping data for table `user_detail`
--

INSERT INTO `user_detail` (`id_user_detail`, `nama_lengkap`, `id_jenis_kelamin`, `no_telp`, `alamat`, `nip`, `pangkat`, `jabatan`) VALUES
('134e349e4f50a051d8ca3687d6a7de1a', NULL, NULL, NULL, NULL, NULL, NULL, NULL),
('98eb4077470a60a0fe0f7b9d01755557', NULL, 1, NULL, NULL, NULL, NULL, NULL),
('c551fc8847d29dc25a23db5d2cdb941b', 'malian', 2, '+62812781728', 'Jl. Sekip', '2019220028', 'Golo 1', 'Bos'),
('dce802a5e29e9ccabc144dfb6a37abbb', 'TaufiiqulhakimIKAAA', 2, '+62812781728', 'Jl. Sekip', '1111', 'Golo 1', 'Bos'),
('f5972fbf4ef53843c1e12c3ae99e5005', NULL, 1, NULL, NULL, NULL, NULL, NULL);

-- --------------------------------------------------------

--
-- Table structure for table `user_level`
--

CREATE TABLE `user_level` (
  `id_user_level` int(11) NOT NULL,
  `user_level` varchar(30) NOT NULL
) ENGINE=InnoDB DEFAULT CHARSET=utf8mb4;

--
-- Dumping data for table `user_level`
--

INSERT INTO `user_level` (`id_user_level`, `user_level`) VALUES
(1, 'pegawai'),
(2, 'admin'),
(3, 'super admin');

--
-- Indexes for dumped tables
--

--
-- Indexes for table `cuti`
--
ALTER TABLE `cuti`
  ADD PRIMARY KEY (`id_cuti`);

--
-- Indexes for table `jenis_kelamin`
--
ALTER TABLE `jenis_kelamin`
  ADD PRIMARY KEY (`id_jenis_kelamin`);

--
-- Indexes for table `status_cuti`
--
ALTER TABLE `status_cuti`
  ADD PRIMARY KEY (`id_status_cuti`);

--
-- Indexes for table `user`
--
ALTER TABLE `user`
  ADD PRIMARY KEY (`id_user`);

--
-- Indexes for table `user_detail`
--
ALTER TABLE `user_detail`
  ADD PRIMARY KEY (`id_user_detail`);

--
-- Indexes for table `user_level`
--
ALTER TABLE `user_level`
  ADD PRIMARY KEY (`id_user_level`);

--
-- AUTO_INCREMENT for dumped tables
--

--
-- AUTO_INCREMENT for table `jenis_kelamin`
--
ALTER TABLE `jenis_kelamin`
  MODIFY `id_jenis_kelamin` int(11) NOT NULL AUTO_INCREMENT, AUTO_INCREMENT=3;

--
-- AUTO_INCREMENT for table `status_cuti`
--
ALTER TABLE `status_cuti`
  MODIFY `id_status_cuti` int(11) NOT NULL AUTO_INCREMENT, AUTO_INCREMENT=4;

--
-- AUTO_INCREMENT for table `user_level`
--
ALTER TABLE `user_level`
  MODIFY `id_user_level` int(11) NOT NULL AUTO_INCREMENT, AUTO_INCREMENT=4;
COMMIT;

/*!40101 SET CHARACTER_SET_CLIENT=@OLD_CHARACTER_SET_CLIENT */;
/*!40101 SET CHARACTER_SET_RESULTS=@OLD_CHARACTER_SET_RESULTS */;
/*!40101 SET COLLATION_CONNECTION=@OLD_COLLATION_CONNECTION */;
